,Timestamp,TeamId,PlayerId,AST,STL,TO,BLK,FL,REB,DEFENSIVE_REB,OFFENSIVE_REB,FG2,FGA2,FG3,FGA3,FT,FTA,FG_CAS,FGA_CAS,FG_OTD,FGA_OTD,FG2_CAS,FGA2_CAS,FG2_OTD,FGA2_OTD,FG3_CAS,FGA3_CAS,FG3_OTD,FGA3_OTD,PASS0_2,PASS3_5,PASS6,PT0,PT1,BR0,BR1,BR2,TRANSITION,class,game
2,1582167765440.0,1729.0,67887.0,,,,,,1.0,1.0,,,,,,,,,,,,,,,,,,,,,,,,,,,,,3.0,M_9672b049-537c-11ea-ab59-024282923f19
5,1582167786130.0,1729.0,0.0,,,,,,1.0,,1.0,,,,,,,,,,,,,,,,,,,,,,,,,,,,14.0,M_9672b049-537c-11ea-ab59-024282923f19
8,1582167813055.0,1730.0,67921.0,,,,,,1.0,1.0,,,,,,,,,,,,,,,,,,,,,,,,,,,,,4.0,M_9672b049-537c-11ea-ab59-024282923f19
19,1582167922939.0,1730.0,67921.0,,,,,,1.0,1.0,,,,,,,,,,,,,,,,,,,,,,,,,,,,,5.0,M_9672b049-537c-11ea-ab59-024282923f19
22,1582167935322.0,1729.0,67897.0,,,,,,1.0,1.0,,,,,,,,,,,,,,,,,,,,,,,,,,,,,3.0,M_9672b049-537c-11ea-ab59-024282923f19
27,1582167998431.0,1729.0,67885.0,,,,,,1.0,1.0,,,,,,,,,,,,,,,,,,,,,,,,,,,,,1.0,M_9672b049-537c-11ea-ab59-024282923f19
30,1582168016414.0,1730.0,67921.0,,,,,,1.0,1.0,,,,,,,,,,,,,,,,,,,,,,,,,,,,,4.0,M_9672b049-537c-11ea-ab59-024282923f19
36,1582168057656.0,1730.0,67921.0,,,,,,1.0,1.0,,,,,,,,,,,,,,,,,,,,,,,,,,,,,1.0,M_9672b049-537c-11ea-ab59-024282923f19
39,1582168065880.0,1729.0,67897.0,,,,,,1.0,1.0,,,,,,,,,,,,,,,,,,,,,,,,,,,,,2.0,M_9672b049-537c-11ea-ab59-024282923f19
42,1582168089113.0,1730.0,78845.0,,,,,,1.0,1.0,,,,,,,,,,,,,,,,,,,,,,,,,,,,,7.0,M_9672b049-537c-11ea-ab59-024282923f19
45,1582168099438.0,1729.0,67884.0,,,,,,1.0,1.0,,,,,,,,,,,,,,,,,,,,,,,,,,,,,6.0,M_9672b049-537c-11ea-ab59-024282923f19
53,1582168156623.0,1730.0,67906.0,,,,,,1.0,1.0,,,,,,,,,,,,,,,,,,,,,,,,,,,,,15.0,M_9672b049-537c-11ea-ab59-024282923f19
67,1582168394197.0,1730.0,78852.0,,,,,,1.0,,1.0,,,,,,,,,,,,,,,,,,,,,,,,,,,,6.0,M_9672b049-537c-11ea-ab59-024282923f19
70,1582168406174.0,1729.0,67884.0,,,,,,1.0,1.0,,,,,,,,,,,,,,,,,,,,,,,,,,,,,6.0,M_9672b049-537c-11ea-ab59-024282923f19
81,1582168620829.0,1729.0,67885.0,,,,,,1.0,1.0,,,,,,,,,,,,,,,,,,,,,,,,,,,,,11.0,M_9672b049-537c-11ea-ab59-024282923f19
91,1582168720956.0,1730.0,78846.0,,,,,,1.0,,1.0,,,,,,,,,,,,,,,,,,,,,,,,,,,,7.0,M_9672b049-537c-11ea-ab59-024282923f19
94,1582168723735.0,1730.0,0.0,,,,,,1.0,,1.0,,,,,,,,,,,,,,,,,,,,,,,,,,,,3.0,M_9672b049-537c-11ea-ab59-024282923f19
99,1582168769538.0,1729.0,67883.0,,,,,,1.0,1.0,,,,,,,,,,,,,,,,,,,,,,,,,,,,,13.0,M_9672b049-537c-11ea-ab59-024282923f19
103,1582168799057.0,1729.0,67897.0,,,,,,1.0,,1.0,,,,,,,,,,,,,,,,,,,,,,,,,,,,4.0,M_9672b049-537c-11ea-ab59-024282923f19
106,1582168806057.0,1729.0,67881.0,,,,,,1.0,,1.0,,,,,,,,,,,,,,,,,,,,,,,,,,,,5.0,M_9672b049-537c-11ea-ab59-024282923f19
117,1582168888143.0,1730.0,67921.0,,,,,,1.0,,1.0,,,,,,,,,,,,,,,,,,,,,,,,,,,,14.0,M_9672b049-537c-11ea-ab59-024282923f19
126,1582169000680.0,1729.0,67883.0,,,,,,1.0,1.0,,,,,,,,,,,,,,,,,,,,,,,,,,,,,1.0,M_9672b049-537c-11ea-ab59-024282923f19
135,1582169216650.0,1730.0,78852.0,,,,,,1.0,1.0,,,,,,,,,,,,,,,,,,,,,,,,,,,,,1.0,M_9672b049-537c-11ea-ab59-024282923f19
148,1582169369979.0,1730.0,78846.0,,,,,,1.0,1.0,,,,,,,,,,,,,,,,,,,,,,,,,,,,,9.0,M_9672b049-537c-11ea-ab59-024282923f19
151,1582169378850.0,1730.0,67921.0,,,,,,1.0,,1.0,,,,,,,,,,,,,,,,,,,,,,,,,,,,8.0,M_9672b049-537c-11ea-ab59-024282923f19
155,1582169418663.0,1730.0,78848.0,,,,,,1.0,,1.0,,,,,,,,,,,,,,,,,,,,,,,,,,,,6.0,M_9672b049-537c-11ea-ab59-024282923f19
158,1582169422320.0,1729.0,67883.0,,,,,,1.0,1.0,,,,,,,,,,,,,,,,,,,,,,,,,,,,,10.0,M_9672b049-537c-11ea-ab59-024282923f19
161,1582169440188.0,1729.0,67883.0,,,,,,1.0,,1.0,,,,,,,,,,,,,,,,,,,,,,,,,,,,7.0,M_9672b049-537c-11ea-ab59-024282923f19
164,1582169450604.0,1730.0,67921.0,,,,,,1.0,1.0,,,,,,,,,,,,,,,,,,,,,,,,,,,,,3.0,M_9672b049-537c-11ea-ab59-024282923f19
169,1582169494794.0,1729.0,67900.0,,,,,,1.0,,1.0,,,,,,,,,,,,,,,,,,,,,,,,,,,,10.0,M_9672b049-537c-11ea-ab59-024282923f19
181,1582169715662.0,1730.0,78852.0,,,,,,1.0,,1.0,,,,,,,,,,,,,,,,,,,,,,,,,,,,13.0,M_9672b049-537c-11ea-ab59-024282923f19
184,1582169718638.0,1729.0,67884.0,,,,,,1.0,1.0,,,,,,,,,,,,,,,,,,,,,,,,,,,,,8.0,M_9672b049-537c-11ea-ab59-024282923f19
187,1582169748330.0,1730.0,67921.0,,,,,,1.0,1.0,,,,,,,,,,,,,,,,,,,,,,,,,,,,,5.0,M_9672b049-537c-11ea-ab59-024282923f19
193,1582169860661.0,1730.0,67921.0,,,,,,1.0,1.0,,,,,,,,,,,,,,,,,,,,,,,,,,,,,6.0,M_9672b049-537c-11ea-ab59-024282923f19
198,1582169909178.0,1730.0,67927.0,,,,,,1.0,1.0,,,,,,,,,,,,,,,,,,,,,,,,,,,,,8.0,M_9672b049-537c-11ea-ab59-024282923f19
207,1582170981453.0,1729.0,67887.0,,,,,,1.0,1.0,,,,,,,,,,,,,,,,,,,,,,,,,,,,,15.0,M_9672b049-537c-11ea-ab59-024282923f19
217,1582171041029.0,1730.0,67927.0,,,,,,1.0,1.0,,,,,,,,,,,,,,,,,,,,,,,,,,,,,7.0,M_9672b049-537c-11ea-ab59-024282923f19
220,1582171050103.0,1729.0,67897.0,,,,,,1.0,1.0,,,,,,,,,,,,,,,,,,,,,,,,,,,,,5.0,M_9672b049-537c-11ea-ab59-024282923f19
223,1582171059637.0,1730.0,67921.0,,,,,,1.0,1.0,,,,,,,,,,,,,,,,,,,,,,,,,,,,,8.0,M_9672b049-537c-11ea-ab59-024282923f19
226,1582171067837.0,1730.0,67927.0,,,,,,1.0,,1.0,,,,,,,,,,,,,,,,,,,,,,,,,,,,13.0,M_9672b049-537c-11ea-ab59-024282923f19
239,1582171176245.0,1730.0,78852.0,,,,,,1.0,,1.0,,,,,,,,,,,,,,,,,,,,,,,,,,,,12.0,M_9672b049-537c-11ea-ab59-024282923f19
245,1582171202186.0,1730.0,67921.0,,,,,,1.0,1.0,,,,,,,,,,,,,,,,,,,,,,,,,,,,,4.0,M_9672b049-537c-11ea-ab59-024282923f19
250,1582171231387.0,1730.0,67927.0,,,,,,1.0,1.0,,,,,,,,,,,,,,,,,,,,,,,,,,,,,11.0,M_9672b049-537c-11ea-ab59-024282923f19
253,1582171240165.0,1730.0,0.0,,,,,,1.0,,1.0,,,,,,,,,,,,,,,,,,,,,,,,,,,,5.0,M_9672b049-537c-11ea-ab59-024282923f19
260,1582171439279.0,1729.0,0.0,,,,,,1.0,,1.0,,,,,,,,,,,,,,,,,,,,,,,,,,,,14.0,M_9672b049-537c-11ea-ab59-024282923f19
263,1582171442897.0,1730.0,78852.0,,,,,,1.0,1.0,,,,,,,,,,,,,,,,,,,,,,,,,,,,,4.0,M_9672b049-537c-11ea-ab59-024282923f19
266,1582171461759.0,1730.0,67906.0,,,,,,1.0,,1.0,,,,,,,,,,,,,,,,,,,,,,,,,,,,5.0,M_9672b049-537c-11ea-ab59-024282923f19
269,1582171461979.0,1729.0,67897.0,,,,,,1.0,1.0,,,,,,,,,,,,,,,,,,,,,,,,,,,,,5.0,M_9672b049-537c-11ea-ab59-024282923f19
272,1582171491078.0,1730.0,78852.0,,,,,,1.0,1.0,,,,,,,,,,,,,,,,,,,,,,,,,,,,,3.0,M_9672b049-537c-11ea-ab59-024282923f19
285,1582171590589.0,1730.0,78852.0,,,,,,1.0,1.0,,,,,,,,,,,,,,,,,,,,,,,,,,,,,4.0,M_9672b049-537c-11ea-ab59-024282923f19
297,1582171680370.0,1729.0,67890.0,,,,,,1.0,,1.0,,,,,,,,,,,,,,,,,,,,,,,,,,,,2.0,M_9672b049-537c-11ea-ab59-024282923f19
306,1582171754762.0,1730.0,67921.0,,,,,,1.0,1.0,,,,,,,,,,,,,,,,,,,,,,,,,,,,,1.0,M_9672b049-537c-11ea-ab59-024282923f19
329,1582172183853.0,1730.0,78848.0,,,,,,1.0,1.0,,,,,,,,,,,,,,,,,,,,,,,,,,,,,2.0,M_9672b049-537c-11ea-ab59-024282923f19
335,1582172254737.0,1729.0,67897.0,,,,,,1.0,,1.0,,,,,,,,,,,,,,,,,,,,,,,,,,,,4.0,M_9672b049-537c-11ea-ab59-024282923f19
342,1582172317903.0,1729.0,67884.0,,,,,,1.0,1.0,,,,,,,,,,,,,,,,,,,,,,,,,,,,,9.0,M_9672b049-537c-11ea-ab59-024282923f19
345,1582172330215.0,1730.0,78845.0,,,,,,1.0,1.0,,,,,,,,,,,,,,,,,,,,,,,,,,,,,12.0,M_9672b049-537c-11ea-ab59-024282923f19
348,1582172336190.0,1730.0,67927.0,,,,,,1.0,,1.0,,,,,,,,,,,,,,,,,,,,,,,,,,,,10.0,M_9672b049-537c-11ea-ab59-024282923f19
351,1582172356278.0,1729.0,67883.0,,,,,,1.0,1.0,,,,,,,,,,,,,,,,,,,,,,,,,,,,,5.0,M_9672b049-537c-11ea-ab59-024282923f19
354,1582172458345.0,1730.0,67906.0,,,,,,1.0,1.0,,,,,,,,,,,,,,,,,,,,,,,,,,,,,2.0,M_9672b049-537c-11ea-ab59-024282923f19
359,1582172617875.0,1730.0,67921.0,,,,,,1.0,1.0,,,,,,,,,,,,,,,,,,,,,,,,,,,,,3.0,M_9672b049-537c-11ea-ab59-024282923f19
371,1582172775396.0,1729.0,67897.0,,,,,,1.0,,1.0,,,,,,,,,,,,,,,,,,,,,,,,,,,,2.0,M_9672b049-537c-11ea-ab59-024282923f19
376,1582172801538.0,1729.0,67885.0,,,,,,1.0,1.0,,,,,,,,,,,,,,,,,,,,,,,,,,,,,9.0,M_9672b049-537c-11ea-ab59-024282923f19
382,1582172833645.0,1730.0,78852.0,,,,,,1.0,,1.0,,,,,,,,,,,,,,,,,,,,,,,,,,,,5.0,M_9672b049-537c-11ea-ab59-024282923f19
385,1582172835849.0,1729.0,67883.0,,,,,,1.0,1.0,,,,,,,,,,,,,,,,,,,,,,,,,,,,,9.0,M_9672b049-537c-11ea-ab59-024282923f19
388,1582172853322.0,1730.0,78852.0,,,,,,1.0,1.0,,,,,,,,,,,,,,,,,,,,,,,,,,,,,1.0,M_9672b049-537c-11ea-ab59-024282923f19
392,1582173042371.0,1729.0,67885.0,,,,,,1.0,1.0,,,,,,,,,,,,,,,,,,,,,,,,,,,,,7.0,M_9672b049-537c-11ea-ab59-024282923f19
395,1582173068403.0,1729.0,67897.0,,,,,,1.0,,1.0,,,,,,,,,,,,,,,,,,,,,,,,,,,,12.0,M_9672b049-537c-11ea-ab59-024282923f19
399,1582173072403.0,1730.0,0.0,,,,,,1.0,1.0,,,,,,,,,,,,,,,,,,,,,,,,,,,,,10.0,M_9672b049-537c-11ea-ab59-024282923f19
402,1582173106588.0,1729.0,67885.0,,,,,,1.0,1.0,,,,,,,,,,,,,,,,,,,,,,,,,,,,,2.0,M_9672b049-537c-11ea-ab59-024282923f19
405,1582173120532.0,1730.0,78852.0,,,,,,1.0,1.0,,,,,,,,,,,,,,,,,,,,,,,,,,,,,5.0,M_9672b049-537c-11ea-ab59-024282923f19
411,1582173175555.0,1729.0,67887.0,,,,,,1.0,,1.0,,,,,,,,,,,,,,,,,,,,,,,,,,,,1.0,M_9672b049-537c-11ea-ab59-024282923f19
420,1582173214529.0,1729.0,67885.0,,,,,,1.0,1.0,,,,,,,,,,,,,,,,,,,,,,,,,,,,,4.0,M_9672b049-537c-11ea-ab59-024282923f19
423,1582173223013.0,1730.0,78852.0,,,,,,1.0,1.0,,,,,,,,,,,,,,,,,,,,,,,,,,,,,5.0,M_9672b049-537c-11ea-ab59-024282923f19
432,1582173406495.0,1730.0,78846.0,,,,,,1.0,,1.0,,,,,,,,,,,,,,,,,,,,,,,,,,,,1.0,M_9672b049-537c-11ea-ab59-024282923f19
2,1582168112131.0,1737.0,68011.0,,,,,,1.0,1.0,,,,,,,,,,,,,,,,,,,,,,,,,,,,,5.0,M_ea97103a-537c-11ea-ab59-024282923f19
16,1582168243191.0,1713.0,67346.0,,,,,,1.0,1.0,,,,,,,,,,,,,,,,,,,,,,,,,,,,,1.0,M_ea97103a-537c-11ea-ab59-024282923f19
20,1582168276773.0,1713.0,79832.0,,,,,,1.0,1.0,,,,,,,,,,,,,,,,,,,,,,,,,,,,,6.0,M_ea97103a-537c-11ea-ab59-024282923f19
26,1582168305582.0,1713.0,79832.0,,,,,,1.0,1.0,,,,,,,,,,,,,,,,,,,,,,,,,,,,,10.0,M_ea97103a-537c-11ea-ab59-024282923f19
29,1582168314623.0,1737.0,77727.0,,,,,,1.0,1.0,,,,,,,,,,,,,,,,,,,,,,,,,,,,,4.0,M_ea97103a-537c-11ea-ab59-024282923f19
49,1582168486657.0,1713.0,67337.0,,,,,,1.0,1.0,,,,,,,,,,,,,,,,,,,,,,,,,,,,,8.0,M_ea97103a-537c-11ea-ab59-024282923f19
63,1582168711873.0,1713.0,67339.0,,,,,,1.0,,1.0,,,,,,,,,,,,,,,,,,,,,,,,,,,,8.0,M_ea97103a-537c-11ea-ab59-024282923f19
66,1582168727724.0,1713.0,67349.0,,,,,,1.0,,1.0,,,,,,,,,,,,,,,,,,,,,,,,,,,,6.0,M_ea97103a-537c-11ea-ab59-024282923f19
69,1582168735565.0,1737.0,68005.0,,,,,,1.0,1.0,,,,,,,,,,,,,,,,,,,,,,,,,,,,,11.0,M_ea97103a-537c-11ea-ab59-024282923f19
74,1582168758574.0,1737.0,68001.0,,,,,,1.0,1.0,,,,,,,,,,,,,,,,,,,,,,,,,,,,,7.0,M_ea97103a-537c-11ea-ab59-024282923f19
77,1582168777749.0,1713.0,67339.0,,,,,,1.0,1.0,,,,,,,,,,,,,,,,,,,,,,,,,,,,,5.0,M_ea97103a-537c-11ea-ab59-024282923f19
88,1582168869116.0,1713.0,67337.0,,,,,,1.0,,1.0,,,,,,,,,,,,,,,,,,,,,,,,,,,,13.0,M_ea97103a-537c-11ea-ab59-024282923f19
106,1582169095907.0,1713.0,67337.0,,,,,,1.0,,1.0,,,,,,,,,,,,,,,,,,,,,,,,,,,,4.0,M_ea97103a-537c-11ea-ab59-024282923f19
119,1582169317073.0,1713.0,67351.0,,,,,,1.0,1.0,,,,,,,,,,,,,,,,,,,,,,,,,,,,,1.0,M_ea97103a-537c-11ea-ab59-024282923f19
147,1582169597598.0,1713.0,67346.0,,,,,,1.0,1.0,,,,,,,,,,,,,,,,,,,,,,,,,,,,,4.0,M_ea97103a-537c-11ea-ab59-024282923f19
153,1582169640140.0,1713.0,67349.0,,,,,,1.0,1.0,,,,,,,,,,,,,,,,,,,,,,,,,,,,,8.0,M_ea97103a-537c-11ea-ab59-024282923f19
156,1582169652748.0,1737.0,77725.0,,,,,,1.0,1.0,,,,,,,,,,,,,,,,,,,,,,,,,,,,,14.0,M_ea97103a-537c-11ea-ab59-024282923f19
167,1582169950589.0,1737.0,68005.0,,,,,,1.0,1.0,,,,,,,,,,,,,,,,,,,,,,,,,,,,,7.0,M_ea97103a-537c-11ea-ab59-024282923f19
188,1582170207694.0,1737.0,77725.0,,,,,,1.0,1.0,,,,,,,,,,,,,,,,,,,,,,,,,,,,,8.0,M_ea97103a-537c-11ea-ab59-024282923f19
193,1582170225640.0,1713.0,67342.0,,,,,,1.0,,1.0,,,,,,,,,,,,,,,,,,,,,,,,,,,,2.0,M_ea97103a-537c-11ea-ab59-024282923f19
199,1582170247599.0,1713.0,67349.0,,,,,,1.0,1.0,,,,,,,,,,,,,,,,,,,,,,,,,,,,,13.0,M_ea97103a-537c-11ea-ab59-024282923f19
213,1582170485531.0,1737.0,77725.0,,,,,,1.0,1.0,,,,,,,,,,,,,,,,,,,,,,,,,,,,,9.0,M_ea97103a-537c-11ea-ab59-024282923f19
223,1582170522466.0,1713.0,0.0,,,,,,1.0,1.0,,,,,,,,,,,,,,,,,,,,,,,,,,,,,5.0,M_ea97103a-537c-11ea-ab59-024282923f19
226,1582170570798.0,1737.0,68012.0,,,,,,1.0,1.0,,,,,,,,,,,,,,,,,,,,,,,,,,,,,13.0,M_ea97103a-537c-11ea-ab59-024282923f19
238,1582170740565.0,1737.0,68005.0,,,,,,1.0,1.0,,,,,,,,,,,,,,,,,,,,,,,,,,,,,6.0,M_ea97103a-537c-11ea-ab59-024282923f19
259,1582171869406.0,1737.0,0.0,,,,,,1.0,,1.0,,,,,,,,,,,,,,,,,,,,,,,,,,,,8.0,M_ea97103a-537c-11ea-ab59-024282923f19
262,1582171910747.0,1713.0,67339.0,,,,,,1.0,1.0,,,,,,,,,,,,,,,,,,,,,,,,,,,,,3.0,M_ea97103a-537c-11ea-ab59-024282923f19
265,1582171918023.0,1737.0,68001.0,,,,,,1.0,1.0,,,,,,,,,,,,,,,,,,,,,,,,,,,,,6.0,M_ea97103a-537c-11ea-ab59-024282923f19
2,1581473180472.0,1729.0,67884.0,,,,,,1.0,1.0,,,,,,,,,,,,,,,,,,,,,,,,,,,,,13.0,M_aa5ba87c-4d2a-11ea-b7ea-0242bdc61da9
5,1581473204626.0,1713.0,67348.0,,,,,,1.0,1.0,,,,,,,,,,,,,,,,,,,,,,,,,,,,,11.0,M_aa5ba87c-4d2a-11ea-b7ea-0242bdc61da9
12,1581473284510.0,1713.0,67346.0,,,,,,1.0,1.0,,,,,,,,,,,,,,,,,,,,,,,,,,,,,3.0,M_aa5ba87c-4d2a-11ea-b7ea-0242bdc61da9
18,1581473296770.0,1713.0,67351.0,,,,,,1.0,1.0,,,,,,,,,,,,,,,,,,,,,,,,,,,,,8.0,M_aa5ba87c-4d2a-11ea-b7ea-0242bdc61da9
35,1581473511636.0,1729.0,67883.0,,,,,,1.0,1.0,,,,,,,,,,,,,,,,,,,,,,,,,,,,,13.0,M_aa5ba87c-4d2a-11ea-b7ea-0242bdc61da9
38,1581473536402.0,1713.0,79832.0,,,,,,1.0,1.0,,,,,,,,,,,,,,,,,,,,,,,,,,,,,3.0,M_aa5ba87c-4d2a-11ea-b7ea-0242bdc61da9
44,1581473563876.0,1729.0,67883.0,,,,,,1.0,,1.0,,,,,,,,,,,,,,,,,,,,,,,,,,,,8.0,M_aa5ba87c-4d2a-11ea-b7ea-0242bdc61da9
47,1581473579180.0,1713.0,67346.0,,,,,,1.0,1.0,,,,,,,,,,,,,,,,,,,,,,,,,,,,,8.0,M_aa5ba87c-4d2a-11ea-b7ea-0242bdc61da9
50,1581473598103.0,1729.0,67884.0,,,,,,1.0,1.0,,,,,,,,,,,,,,,,,,,,,,,,,,,,,14.0,M_aa5ba87c-4d2a-11ea-b7ea-0242bdc61da9
53,1581473617389.0,1713.0,0.0,,,,,,1.0,1.0,,,,,,,,,,,,,,,,,,,,,,,,,,,,,13.0,M_aa5ba87c-4d2a-11ea-b7ea-0242bdc61da9
56,1581473789568.0,1729.0,67897.0,,,,,,1.0,1.0,,,,,,,,,,,,,,,,,,,,,,,,,,,,,11.0,M_aa5ba87c-4d2a-11ea-b7ea-0242bdc61da9
61,1581473860103.0,1729.0,67885.0,,,,,,1.0,1.0,,,,,,,,,,,,,,,,,,,,,,,,,,,,,14.0,M_aa5ba87c-4d2a-11ea-b7ea-0242bdc61da9
64,1581473887944.0,1713.0,67339.0,,,,,,1.0,1.0,,,,,,,,,,,,,,,,,,,,,,,,,,,,,13.0,M_aa5ba87c-4d2a-11ea-b7ea-0242bdc61da9
72,1581473956765.0,1713.0,67339.0,,,,,,1.0,,1.0,,,,,,,,,,,,,,,,,,,,,,,,,,,,11.0,M_aa5ba87c-4d2a-11ea-b7ea-0242bdc61da9
78,1581474007752.0,1713.0,67346.0,,,,,,1.0,1.0,,,,,,,,,,,,,,,,,,,,,,,,,,,,,3.0,M_aa5ba87c-4d2a-11ea-b7ea-0242bdc61da9
81,1581474025769.0,1729.0,67885.0,,,,,,1.0,1.0,,,,,,,,,,,,,,,,,,,,,,,,,,,,,14.0,M_aa5ba87c-4d2a-11ea-b7ea-0242bdc61da9
86,1581474063928.0,1713.0,67342.0,,,,,,1.0,,1.0,,,,,,,,,,,,,,,,,,,,,,,,,,,,11.0,M_aa5ba87c-4d2a-11ea-b7ea-0242bdc61da9
93,1581474266102.0,1713.0,67349.0,,,,,,1.0,1.0,,,,,,,,,,,,,,,,,,,,,,,,,,,,,3.0,M_aa5ba87c-4d2a-11ea-b7ea-0242bdc61da9
97,1581474311502.0,1729.0,78377.0,,,,,,1.0,1.0,,,,,,,,,,,,,,,,,,,,,,,,,,,,,14.0,M_aa5ba87c-4d2a-11ea-b7ea-0242bdc61da9
102,1581474355943.0,1729.0,67885.0,,,,,,1.0,1.0,,,,,,,,,,,,,,,,,,,,,,,,,,,,,14.0,M_aa5ba87c-4d2a-11ea-b7ea-0242bdc61da9
113,1581474416153.0,1713.0,67348.0,,,,,,1.0,,1.0,,,,,,,,,,,,,,,,,,,,,,,,,,,,14.0,M_aa5ba87c-4d2a-11ea-b7ea-0242bdc61da9
123,1581474450094.0,1729.0,67885.0,,,,,,1.0,1.0,,,,,,,,,,,,,,,,,,,,,,,,,,,,,13.0,M_aa5ba87c-4d2a-11ea-b7ea-0242bdc61da9
131,1581474551803.0,1729.0,67887.0,,,,,,1.0,1.0,,,,,,,,,,,,,,,,,,,,,,,,,,,,,12.0,M_aa5ba87c-4d2a-11ea-b7ea-0242bdc61da9
134,1581474566578.0,1713.0,67351.0,,,,,,1.0,1.0,,,,,,,,,,,,,,,,,,,,,,,,,,,,,8.0,M_aa5ba87c-4d2a-11ea-b7ea-0242bdc61da9
148,1581474810745.0,1729.0,67897.0,,,,,,1.0,1.0,,,,,,,,,,,,,,,,,,,,,,,,,,,,,11.0,M_aa5ba87c-4d2a-11ea-b7ea-0242bdc61da9
153,1581474844229.0,1729.0,67881.0,,,,,,1.0,1.0,,,,,,,,,,,,,,,,,,,,,,,,,,,,,14.0,M_aa5ba87c-4d2a-11ea-b7ea-0242bdc61da9
168,1581474965452.0,1713.0,67346.0,,,,,,1.0,1.0,,,,,,,,,,,,,,,,,,,,,,,,,,,,,13.0,M_aa5ba87c-4d2a-11ea-b7ea-0242bdc61da9
181,1581475142944.0,1729.0,67883.0,,,,,,1.0,1.0,,,,,,,,,,,,,,,,,,,,,,,,,,,,,12.0,M_aa5ba87c-4d2a-11ea-b7ea-0242bdc61da9
186,1581475319296.0,1729.0,67881.0,,,,,,1.0,1.0,,,,,,,,,,,,,,,,,,,,,,,,,,,,,14.0,M_aa5ba87c-4d2a-11ea-b7ea-0242bdc61da9
196,1581475466628.0,1713.0,67351.0,,,,,,1.0,1.0,,,,,,,,,,,,,,,,,,,,,,,,,,,,,3.0,M_aa5ba87c-4d2a-11ea-b7ea-0242bdc61da9
202,1581475505195.0,1713.0,67346.0,,,,,,1.0,1.0,,,,,,,,,,,,,,,,,,,,,,,,,,,,,3.0,M_aa5ba87c-4d2a-11ea-b7ea-0242bdc61da9
212,1581475627753.0,1713.0,67346.0,,,,,,1.0,1.0,,,,,,,,,,,,,,,,,,,,,,,,,,,,,3.0,M_aa5ba87c-4d2a-11ea-b7ea-0242bdc61da9
215,1581475656537.0,1729.0,67885.0,,,,,,1.0,1.0,,,,,,,,,,,,,,,,,,,,,,,,,,,,,14.0,M_aa5ba87c-4d2a-11ea-b7ea-0242bdc61da9
227,1581476885313.0,1713.0,67348.0,,,,,,1.0,1.0,,,,,,,,,,,,,,,,,,,,,,,,,,,,,14.0,M_aa5ba87c-4d2a-11ea-b7ea-0242bdc61da9
231,1581476899665.0,1729.0,67900.0,,,,,,1.0,1.0,,,,,,,,,,,,,,,,,,,,,,,,,,,,,13.0,M_aa5ba87c-4d2a-11ea-b7ea-0242bdc61da9
246,1581477020012.0,1713.0,67348.0,,,,,,1.0,,1.0,,,,,,,,,,,,,,,,,,,,,,,,,,,,13.0,M_aa5ba87c-4d2a-11ea-b7ea-0242bdc61da9
275,1581477447645.0,1713.0,67337.0,,,,,,1.0,1.0,,,,,,,,,,,,,,,,,,,,,,,,,,,,,14.0,M_aa5ba87c-4d2a-11ea-b7ea-0242bdc61da9
278,1581477462670.0,1729.0,67884.0,,,,,,1.0,1.0,,,,,,,,,,,,,,,,,,,,,,,,,,,,,13.0,M_aa5ba87c-4d2a-11ea-b7ea-0242bdc61da9
289,1581477549198.0,1713.0,67348.0,,,,,,1.0,1.0,,,,,,,,,,,,,,,,,,,,,,,,,,,,,13.0,M_aa5ba87c-4d2a-11ea-b7ea-0242bdc61da9
292,1581477564928.0,1729.0,67900.0,,,,,,1.0,1.0,,,,,,,,,,,,,,,,,,,,,,,,,,,,,3.0,M_aa5ba87c-4d2a-11ea-b7ea-0242bdc61da9
298,1581477655895.0,1729.0,67883.0,,,,,,1.0,1.0,,,,,,,,,,,,,,,,,,,,,,,,,,,,,3.0,M_aa5ba87c-4d2a-11ea-b7ea-0242bdc61da9
307,1581477735063.0,1713.0,67337.0,,,,,,1.0,1.0,,,,,,,,,,,,,,,,,,,,,,,,,,,,,13.0,M_aa5ba87c-4d2a-11ea-b7ea-0242bdc61da9
310,1581477744029.0,1729.0,67897.0,,,,,,1.0,1.0,,,,,,,,,,,,,,,,,,,,,,,,,,,,,8.0,M_aa5ba87c-4d2a-11ea-b7ea-0242bdc61da9
318,1581477958260.0,1713.0,67342.0,,,,,,1.0,1.0,,,,,,,,,,,,,,,,,,,,,,,,,,,,,13.0,M_aa5ba87c-4d2a-11ea-b7ea-0242bdc61da9
321,1581477970105.0,1729.0,67883.0,,,,,,1.0,1.0,,,,,,,,,,,,,,,,,,,,,,,,,,,,,8.0,M_aa5ba87c-4d2a-11ea-b7ea-0242bdc61da9
324,1581477982506.0,1713.0,67351.0,,,,,,1.0,1.0,,,,,,,,,,,,,,,,,,,,,,,,,,,,,11.0,M_aa5ba87c-4d2a-11ea-b7ea-0242bdc61da9
327,1581478000899.0,1713.0,67342.0,,,,,,1.0,,1.0,,,,,,,,,,,,,,,,,,,,,,,,,,,,13.0,M_aa5ba87c-4d2a-11ea-b7ea-0242bdc61da9
332,1581478033823.0,1713.0,67349.0,,,,,,1.0,1.0,,,,,,,,,,,,,,,,,,,,,,,,,,,,,12.0,M_aa5ba87c-4d2a-11ea-b7ea-0242bdc61da9
336,1581478099404.0,1729.0,67884.0,,,,,,1.0,1.0,,,,,,,,,,,,,,,,,,,,,,,,,,,,,8.0,M_aa5ba87c-4d2a-11ea-b7ea-0242bdc61da9
345,1581478199984.0,1713.0,0.0,,,,,,1.0,1.0,,,,,,,,,,,,,,,,,,,,,,,,,,,,,12.0,M_aa5ba87c-4d2a-11ea-b7ea-0242bdc61da9
357,1581478662999.0,1713.0,67348.0,,,,,,1.0,1.0,,,,,,,,,,,,,,,,,,,,,,,,,,,,,13.0,M_aa5ba87c-4d2a-11ea-b7ea-0242bdc61da9
364,1581478713615.0,1729.0,67897.0,,,,,,1.0,,1.0,,,,,,,,,,,,,,,,,,,,,,,,,,,,14.0,M_aa5ba87c-4d2a-11ea-b7ea-0242bdc61da9
369,1581478748921.0,1713.0,67348.0,,,,,,1.0,,1.0,,,,,,,,,,,,,,,,,,,,,,,,,,,,3.0,M_aa5ba87c-4d2a-11ea-b7ea-0242bdc61da9
372,1581478751871.0,1713.0,67348.0,,,,,,1.0,,1.0,,,,,,,,,,,,,,,,,,,,,,,,,,,,3.0,M_aa5ba87c-4d2a-11ea-b7ea-0242bdc61da9
379,1581478795447.0,1713.0,67348.0,,,,,,1.0,1.0,,,,,,,,,,,,,,,,,,,,,,,,,,,,,11.0,M_aa5ba87c-4d2a-11ea-b7ea-0242bdc61da9
382,1581478814971.0,1729.0,67885.0,,,,,,1.0,1.0,,,,,,,,,,,,,,,,,,,,,,,,,,,,,13.0,M_aa5ba87c-4d2a-11ea-b7ea-0242bdc61da9
386,1581478850438.0,1713.0,67351.0,,,,,,1.0,1.0,,,,,,,,,,,,,,,,,,,,,,,,,,,,,12.0,M_aa5ba87c-4d2a-11ea-b7ea-0242bdc61da9
397,1581479044406.0,1729.0,67887.0,,,,,,1.0,1.0,,,,,,,,,,,,,,,,,,,,,,,,,,,,,8.0,M_aa5ba87c-4d2a-11ea-b7ea-0242bdc61da9
410,1581479298689.0,1713.0,67339.0,,,,,,1.0,,1.0,,,,,,,,,,,,,,,,,,,,,,,,,,,,8.0,M_aa5ba87c-4d2a-11ea-b7ea-0242bdc61da9
415,1581479330345.0,1713.0,67348.0,,,,,,1.0,1.0,,,,,,,,,,,,,,,,,,,,,,,,,,,,,14.0,M_aa5ba87c-4d2a-11ea-b7ea-0242bdc61da9
423,1581479404339.0,1713.0,67346.0,,,,,,1.0,1.0,,,,,,,,,,,,,,,,,,,,,,,,,,,,,14.0,M_aa5ba87c-4d2a-11ea-b7ea-0242bdc61da9
429,1581479450380.0,1713.0,67348.0,,,,,,1.0,1.0,,,,,,,,,,,,,,,,,,,,,,,,,,,,,15.0,M_aa5ba87c-4d2a-11ea-b7ea-0242bdc61da9
432,1581479476696.0,1713.0,67348.0,,,,,,1.0,,1.0,,,,,,,,,,,,,,,,,,,,,,,,,,,,3.0,M_aa5ba87c-4d2a-11ea-b7ea-0242bdc61da9
5,1582164181511.0,1734.0,67922.0,,,,,,1.0,,1.0,,,,,,,,,,,,,,,,,,,,,,,,,,,,13.0,M_a8114fce-5374-11ea-ab59-024282923f19
13,1582164235044.0,1714.0,67368.0,,,,,,1.0,1.0,,,,,,,,,,,,,,,,,,,,,,,,,,,,,12.0,M_a8114fce-5374-11ea-ab59-024282923f19
22,1582164279602.0,1734.0,67895.0,,,,,,1.0,1.0,,,,,,,,,,,,,,,,,,,,,,,,,,,,,8.0,M_a8114fce-5374-11ea-ab59-024282923f19
25,1582164295244.0,1714.0,67368.0,,,,,,1.0,1.0,,,,,,,,,,,,,,,,,,,,,,,,,,,,,12.0,M_a8114fce-5374-11ea-ab59-024282923f19
33,1582164375461.0,1714.0,67368.0,,,,,,1.0,1.0,,,,,,,,,,,,,,,,,,,,,,,,,,,,,3.0,M_a8114fce-5374-11ea-ab59-024282923f19
44,1582164417518.0,1714.0,67367.0,,,,,,1.0,1.0,,,,,,,,,,,,,,,,,,,,,,,,,,,,,14.0,M_a8114fce-5374-11ea-ab59-024282923f19
47,1582164434263.0,1714.0,67363.0,,,,,,1.0,,1.0,,,,,,,,,,,,,,,,,,,,,,,,,,,,13.0,M_a8114fce-5374-11ea-ab59-024282923f19
50,1582164434586.0,1734.0,67910.0,,,,,,1.0,1.0,,,,,,,,,,,,,,,,,,,,,,,,,,,,,3.0,M_a8114fce-5374-11ea-ab59-024282923f19
61,1582164675994.0,1714.0,67365.0,,,,,,1.0,1.0,,,,,,,,,,,,,,,,,,,,,,,,,,,,,14.0,M_a8114fce-5374-11ea-ab59-024282923f19
82,1582164887636.0,1734.0,77929.0,,,,,,1.0,1.0,,,,,,,,,,,,,,,,,,,,,,,,,,,,,8.0,M_a8114fce-5374-11ea-ab59-024282923f19
85,1582164902103.0,1714.0,75486.0,,,,,,1.0,1.0,,,,,,,,,,,,,,,,,,,,,,,,,,,,,13.0,M_a8114fce-5374-11ea-ab59-024282923f19
94,1582164970820.0,1734.0,77929.0,,,,,,1.0,1.0,,,,,,,,,,,,,,,,,,,,,,,,,,,,,3.0,M_a8114fce-5374-11ea-ab59-024282923f19
100,1582165150620.0,1734.0,77930.0,,,,,,1.0,1.0,,,,,,,,,,,,,,,,,,,,,,,,,,,,,3.0,M_a8114fce-5374-11ea-ab59-024282923f19
116,1582165304627.0,1714.0,67368.0,,,,,,1.0,1.0,,,,,,,,,,,,,,,,,,,,,,,,,,,,,12.0,M_a8114fce-5374-11ea-ab59-024282923f19
121,1582165336094.0,1714.0,67367.0,,,,,,1.0,1.0,,,,,,,,,,,,,,,,,,,,,,,,,,,,,13.0,M_a8114fce-5374-11ea-ab59-024282923f19
124,1582165327362.0,1714.0,67368.0,,,,,,1.0,,1.0,,,,,,,,,,,,,,,,,,,,,,,,,,,,13.0,M_a8114fce-5374-11ea-ab59-024282923f19
129,1582165449582.0,1714.0,67368.0,,,,,,1.0,1.0,,,,,,,,,,,,,,,,,,,,,,,,,,,,,12.0,M_a8114fce-5374-11ea-ab59-024282923f19
133,1582165423965.0,1734.0,67903.0,,,,,,1.0,1.0,,,,,,,,,,,,,,,,,,,,,,,,,,,,,3.0,M_a8114fce-5374-11ea-ab59-024282923f19
152,1582165756996.0,1714.0,67363.0,,,,,,1.0,,1.0,,,,,,,,,,,,,,,,,,,,,,,,,,,,3.0,M_a8114fce-5374-11ea-ab59-024282923f19
157,1582165779560.0,1714.0,67368.0,,,,,,1.0,1.0,,,,,,,,,,,,,,,,,,,,,,,,,,,,,12.0,M_a8114fce-5374-11ea-ab59-024282923f19
160,1582165796063.0,1734.0,77928.0,,,,,,1.0,1.0,,,,,,,,,,,,,,,,,,,,,,,,,,,,,3.0,M_a8114fce-5374-11ea-ab59-024282923f19
163,1582165811869.0,1734.0,67922.0,,,,,,1.0,,1.0,,,,,,,,,,,,,,,,,,,,,,,,,,,,13.0,M_a8114fce-5374-11ea-ab59-024282923f19
166,1582165829269.0,1714.0,67368.0,,,,,,1.0,1.0,,,,,,,,,,,,,,,,,,,,,,,,,,,,,13.0,M_a8114fce-5374-11ea-ab59-024282923f19
169,1582165850179.0,1734.0,77928.0,,,,,,1.0,1.0,,,,,,,,,,,,,,,,,,,,,,,,,,,,,8.0,M_a8114fce-5374-11ea-ab59-024282923f19
175,1582165896785.0,1714.0,67363.0,,,,,,1.0,,1.0,,,,,,,,,,,,,,,,,,,,,,,,,,,,3.0,M_a8114fce-5374-11ea-ab59-024282923f19
180,1582165910077.0,1714.0,67363.0,,,,,,1.0,1.0,,,,,,,,,,,,,,,,,,,,,,,,,,,,,13.0,M_a8114fce-5374-11ea-ab59-024282923f19
187,1582166097519.0,1714.0,67361.0,,,,,,1.0,1.0,,,,,,,,,,,,,,,,,,,,,,,,,,,,,13.0,M_a8114fce-5374-11ea-ab59-024282923f19
192,1582166143819.0,1714.0,67363.0,,,,,,1.0,1.0,,,,,,,,,,,,,,,,,,,,,,,,,,,,,15.0,M_a8114fce-5374-11ea-ab59-024282923f19
195,1582166153003.0,1734.0,67903.0,,,,,,1.0,1.0,,,,,,,,,,,,,,,,,,,,,,,,,,,,,3.0,M_a8114fce-5374-11ea-ab59-024282923f19
198,1582166168327.0,1714.0,75482.0,,,,,,1.0,1.0,,,,,,,,,,,,,,,,,,,,,,,,,,,,,14.0,M_a8114fce-5374-11ea-ab59-024282923f19
211,1582166350765.0,1714.0,67361.0,,,,,,1.0,1.0,,,,,,,,,,,,,,,,,,,,,,,,,,,,,14.0,M_a8114fce-5374-11ea-ab59-024282923f19
225,1582166511686.0,1714.0,67368.0,,,,,,1.0,1.0,,,,,,,,,,,,,,,,,,,,,,,,,,,,,12.0,M_a8114fce-5374-11ea-ab59-024282923f19
230,1582167511803.0,1714.0,67363.0,,,,,,1.0,1.0,,,,,,,,,,,,,,,,,,,,,,,,,,,,,3.0,M_a8114fce-5374-11ea-ab59-024282923f19
238,1582167562660.0,1714.0,67368.0,,,,,,1.0,,1.0,,,,,,,,,,,,,,,,,,,,,,,,,,,,11.0,M_a8114fce-5374-11ea-ab59-024282923f19
244,1582167578389.0,1714.0,67367.0,,,,,,1.0,1.0,,,,,,,,,,,,,,,,,,,,,,,,,,,,,3.0,M_a8114fce-5374-11ea-ab59-024282923f19
251,1582167646925.0,1714.0,67363.0,,,,,,1.0,1.0,,,,,,,,,,,,,,,,,,,,,,,,,,,,,13.0,M_a8114fce-5374-11ea-ab59-024282923f19
254,1582167678545.0,1734.0,67903.0,,,,,,1.0,1.0,,,,,,,,,,,,,,,,,,,,,,,,,,,,,11.0,M_a8114fce-5374-11ea-ab59-024282923f19
262,1582167747136.0,1714.0,67363.0,,,,,,1.0,1.0,,,,,,,,,,,,,,,,,,,,,,,,,,,,,3.0,M_a8114fce-5374-11ea-ab59-024282923f19
272,1582167852119.0,1734.0,67910.0,,,,,,1.0,1.0,,,,,,,,,,,,,,,,,,,,,,,,,,,,,14.0,M_a8114fce-5374-11ea-ab59-024282923f19
276,1582167859986.0,1714.0,67368.0,,,,,,1.0,1.0,,,,,,,,,,,,,,,,,,,,,,,,,,,,,3.0,M_a8114fce-5374-11ea-ab59-024282923f19
279,1582167870094.0,1734.0,67910.0,,,,,,1.0,1.0,,,,,,,,,,,,,,,,,,,,,,,,,,,,,11.0,M_a8114fce-5374-11ea-ab59-024282923f19
297,1582168157444.0,1714.0,67368.0,,,,,,1.0,1.0,,,,,,,,,,,,,,,,,,,,,,,,,,,,,3.0,M_a8114fce-5374-11ea-ab59-024282923f19
311,1582168267261.0,1714.0,67368.0,,,,,,1.0,,1.0,,,,,,,,,,,,,,,,,,,,,,,,,,,,13.0,M_a8114fce-5374-11ea-ab59-024282923f19
320,1582168318811.0,1734.0,77930.0,,,,,,1.0,1.0,,,,,,,,,,,,,,,,,,,,,,,,,,,,,12.0,M_a8114fce-5374-11ea-ab59-024282923f19
323,1582168327302.0,1714.0,67368.0,,,,,,1.0,1.0,,,,,,,,,,,,,,,,,,,,,,,,,,,,,8.0,M_a8114fce-5374-11ea-ab59-024282923f19
328,1582168513753.0,1734.0,67910.0,,,,,,1.0,1.0,,,,,,,,,,,,,,,,,,,,,,,,,,,,,12.0,M_a8114fce-5374-11ea-ab59-024282923f19
335,1582168580095.0,1734.0,77930.0,,,,,,1.0,1.0,,,,,,,,,,,,,,,,,,,,,,,,,,,,,15.0,M_a8114fce-5374-11ea-ab59-024282923f19
338,1582168589711.0,1714.0,67368.0,,,,,,1.0,1.0,,,,,,,,,,,,,,,,,,,,,,,,,,,,,3.0,M_a8114fce-5374-11ea-ab59-024282923f19
341,1582168602169.0,1734.0,67903.0,,,,,,1.0,1.0,,,,,,,,,,,,,,,,,,,,,,,,,,,,,13.0,M_a8114fce-5374-11ea-ab59-024282923f19
348,1582168681819.0,1734.0,77929.0,,,,,,1.0,1.0,,,,,,,,,,,,,,,,,,,,,,,,,,,,,14.0,M_a8114fce-5374-11ea-ab59-024282923f19
351,1582168698522.0,1714.0,67363.0,,,,,,1.0,1.0,,,,,,,,,,,,,,,,,,,,,,,,,,,,,8.0,M_a8114fce-5374-11ea-ab59-024282923f19
355,1582168720335.0,1734.0,77929.0,,,,,,1.0,1.0,,,,,,,,,,,,,,,,,,,,,,,,,,,,,8.0,M_a8114fce-5374-11ea-ab59-024282923f19
358,1582168719002.0,1714.0,67361.0,,,,,,1.0,1.0,,,,,,,,,,,,,,,,,,,,,,,,,,,,,8.0,M_a8114fce-5374-11ea-ab59-024282923f19
362,1582168771810.0,1714.0,67363.0,,,,,,1.0,,1.0,,,,,,,,,,,,,,,,,,,,,,,,,,,,15.0,M_a8114fce-5374-11ea-ab59-024282923f19
367,1582168791736.0,1714.0,67363.0,,,,,,1.0,1.0,,,,,,,,,,,,,,,,,,,,,,,,,,,,,3.0,M_a8114fce-5374-11ea-ab59-024282923f19
370,1582168818587.0,1714.0,67369.0,,,,,,1.0,,1.0,,,,,,,,,,,,,,,,,,,,,,,,,,,,12.0,M_a8114fce-5374-11ea-ab59-024282923f19
388,1582169129879.0,1734.0,77930.0,,,,,,1.0,1.0,,,,,,,,,,,,,,,,,,,,,,,,,,,,,13.0,M_a8114fce-5374-11ea-ab59-024282923f19
393,1582169180661.0,1714.0,67363.0,,,,,,1.0,1.0,,,,,,,,,,,,,,,,,,,,,,,,,,,,,8.0,M_a8114fce-5374-11ea-ab59-024282923f19
407,1582169331388.0,1734.0,67918.0,,,,,,1.0,1.0,,,,,,,,,,,,,,,,,,,,,,,,,,,,,15.0,M_a8114fce-5374-11ea-ab59-024282923f19
410,1582169339638.0,1714.0,67363.0,,,,,,1.0,1.0,,,,,,,,,,,,,,,,,,,,,,,,,,,,,3.0,M_a8114fce-5374-11ea-ab59-024282923f19
416,1582169378353.0,1714.0,67369.0,,,,,,1.0,1.0,,,,,,,,,,,,,,,,,,,,,,,,,,,,,8.0,M_a8114fce-5374-11ea-ab59-024282923f19
430,1582169609137.0,1734.0,67922.0,,,,,,1.0,1.0,,,,,,,,,,,,,,,,,,,,,,,,,,,,,11.0,M_a8114fce-5374-11ea-ab59-024282923f19
434,1582169637729.0,1714.0,67363.0,,,,,,1.0,1.0,,,,,,,,,,,,,,,,,,,,,,,,,,,,,3.0,M_a8114fce-5374-11ea-ab59-024282923f19
440,1582169672285.0,1714.0,67361.0,,,,,,1.0,1.0,,,,,,,,,,,,,,,,,,,,,,,,,,,,,3.0,M_a8114fce-5374-11ea-ab59-024282923f19
445,1582169717785.0,1734.0,67922.0,,,,,,1.0,,1.0,,,,,,,,,,,,,,,,,,,,,,,,,,,,3.0,M_a8114fce-5374-11ea-ab59-024282923f19
460,1582169831744.0,1714.0,67361.0,,,,,,1.0,1.0,,,,,,,,,,,,,,,,,,,,,,,,,,,,,13.0,M_a8114fce-5374-11ea-ab59-024282923f19
11,1581217976941.0,1714.0,67365.0,,,,,,1.0,1.0,,,,,,,,,,,,,,,,,,,,,,,,,,,,,3.0,M_17472065-4ad8-11ea-9084-0242bdc61da9
17,1581218006251.0,1713.0,67348.0,,,,,,1.0,,1.0,,,,,,,,,,,,,,,,,,,,,,,,,,,,1.0,M_17472065-4ad8-11ea-9084-0242bdc61da9
21,1581218008251.0,1713.0,0.0,,,,,,1.0,,1.0,,,,,,,,,,,,,,,,,,,,,,,,,,,,10.0,M_17472065-4ad8-11ea-9084-0242bdc61da9
42,1581218293041.0,1714.0,67363.0,,,,,,1.0,1.0,,,,,,,,,,,,,,,,,,,,,,,,,,,,,5.0,M_17472065-4ad8-11ea-9084-0242bdc61da9
45,1581218307507.0,1714.0,67363.0,,,,,,1.0,,1.0,,,,,,,,,,,,,,,,,,,,,,,,,,,,12.0,M_17472065-4ad8-11ea-9084-0242bdc61da9
59,1581218649478.0,1714.0,0.0,,,,,,1.0,1.0,,,,,,,,,,,,,,,,,,,,,,,,,,,,,8.0,M_17472065-4ad8-11ea-9084-0242bdc61da9
62,1581218691074.0,1713.0,79832.0,,,,,,1.0,1.0,,,,,,,,,,,,,,,,,,,,,,,,,,,,,12.0,M_17472065-4ad8-11ea-9084-0242bdc61da9
71,1581218772967.0,1714.0,67368.0,,,,,,1.0,1.0,,,,,,,,,,,,,,,,,,,,,,,,,,,,,2.0,M_17472065-4ad8-11ea-9084-0242bdc61da9
74,1581218785707.0,1713.0,67351.0,,,,,,1.0,1.0,,,,,,,,,,,,,,,,,,,,,,,,,,,,,8.0,M_17472065-4ad8-11ea-9084-0242bdc61da9
83,1581218852741.0,1713.0,67344.0,,,,,,1.0,,1.0,,,,,,,,,,,,,,,,,,,,,,,,,,,,7.0,M_17472065-4ad8-11ea-9084-0242bdc61da9
86,1581218860532.0,1714.0,67361.0,,,,,,1.0,1.0,,,,,,,,,,,,,,,,,,,,,,,,,,,,,2.0,M_17472065-4ad8-11ea-9084-0242bdc61da9
94,1581219159823.0,1714.0,67369.0,,,,,,1.0,1.0,,,,,,,,,,,,,,,,,,,,,,,,,,,,,11.0,M_17472065-4ad8-11ea-9084-0242bdc61da9
99,1581219191593.0,1714.0,67368.0,,,,,,1.0,1.0,,,,,,,,,,,,,,,,,,,,,,,,,,,,,3.0,M_17472065-4ad8-11ea-9084-0242bdc61da9
102,1581219203091.0,1714.0,67368.0,,,,,,1.0,,1.0,,,,,,,,,,,,,,,,,,,,,,,,,,,,1.0,M_17472065-4ad8-11ea-9084-0242bdc61da9
116,1581219365025.0,1714.0,67363.0,,,,,,1.0,1.0,,,,,,,,,,,,,,,,,,,,,,,,,,,,,1.0,M_17472065-4ad8-11ea-9084-0242bdc61da9
119,1581219396157.0,1713.0,67348.0,,,,,,1.0,1.0,,,,,,,,,,,,,,,,,,,,,,,,,,,,,4.0,M_17472065-4ad8-11ea-9084-0242bdc61da9
125,1581219426683.0,1713.0,67348.0,,,,,,1.0,1.0,,,,,,,,,,,,,,,,,,,,,,,,,,,,,3.0,M_17472065-4ad8-11ea-9084-0242bdc61da9
135,1581219752099.0,1714.0,67365.0,,,,,,1.0,1.0,,,,,,,,,,,,,,,,,,,,,,,,,,,,,1.0,M_17472065-4ad8-11ea-9084-0242bdc61da9
138,1581219792166.0,1714.0,75482.0,,,,,,1.0,,1.0,,,,,,,,,,,,,,,,,,,,,,,,,,,,4.0,M_17472065-4ad8-11ea-9084-0242bdc61da9
141,1581219800051.0,1714.0,67365.0,,,,,,1.0,,1.0,,,,,,,,,,,,,,,,,,,,,,,,,,,,12.0,M_17472065-4ad8-11ea-9084-0242bdc61da9
144,1581219809966.0,1713.0,67351.0,,,,,,1.0,1.0,,,,,,,,,,,,,,,,,,,,,,,,,,,,,2.0,M_17472065-4ad8-11ea-9084-0242bdc61da9
149,1581219865940.0,1714.0,67363.0,,,,,,1.0,1.0,,,,,,,,,,,,,,,,,,,,,,,,,,,,,3.0,M_17472065-4ad8-11ea-9084-0242bdc61da9
155,1581219904673.0,1714.0,67363.0,,,,,,1.0,1.0,,,,,,,,,,,,,,,,,,,,,,,,,,,,,3.0,M_17472065-4ad8-11ea-9084-0242bdc61da9
158,1581219916049.0,1713.0,67339.0,,,,,,1.0,1.0,,,,,,,,,,,,,,,,,,,,,,,,,,,,,12.0,M_17472065-4ad8-11ea-9084-0242bdc61da9
163,1581219943632.0,1713.0,67351.0,,,,,,1.0,1.0,,,,,,,,,,,,,,,,,,,,,,,,,,,,,8.0,M_17472065-4ad8-11ea-9084-0242bdc61da9
168,1581219995149.0,1714.0,67368.0,,,,,,1.0,1.0,,,,,,,,,,,,,,,,,,,,,,,,,,,,,7.0,M_17472065-4ad8-11ea-9084-0242bdc61da9
174,1581220025240.0,1714.0,67363.0,,,,,,1.0,1.0,,,,,,,,,,,,,,,,,,,,,,,,,,,,,3.0,M_17472065-4ad8-11ea-9084-0242bdc61da9
179,1581220083216.0,1713.0,67346.0,,,,,,1.0,1.0,,,,,,,,,,,,,,,,,,,,,,,,,,,,,10.0,M_17472065-4ad8-11ea-9084-0242bdc61da9
185,1581220123214.0,1713.0,67348.0,,,,,,1.0,1.0,,,,,,,,,,,,,,,,,,,,,,,,,,,,,3.0,M_17472065-4ad8-11ea-9084-0242bdc61da9
204,1581220770774.0,1714.0,75481.0,,,,,,1.0,1.0,,,,,,,,,,,,,,,,,,,,,,,,,,,,,7.0,M_17472065-4ad8-11ea-9084-0242bdc61da9
211,1581220860916.0,1714.0,67369.0,,,,,,1.0,1.0,,,,,,,,,,,,,,,,,,,,,,,,,,,,,6.0,M_17472065-4ad8-11ea-9084-0242bdc61da9
217,1581220948491.0,1714.0,67369.0,,,,,,1.0,1.0,,,,,,,,,,,,,,,,,,,,,,,,,,,,,9.0,M_17472065-4ad8-11ea-9084-0242bdc61da9
220,1581220962241.0,1713.0,67346.0,,,,,,1.0,1.0,,,,,,,,,,,,,,,,,,,,,,,,,,,,,5.0,M_17472065-4ad8-11ea-9084-0242bdc61da9
229,1581221081615.0,1714.0,67369.0,,,,,,1.0,1.0,,,,,,,,,,,,,,,,,,,,,,,,,,,,,5.0,M_17472065-4ad8-11ea-9084-0242bdc61da9
233,1581221090553.0,1713.0,67347.0,,,,,,1.0,1.0,,,,,,,,,,,,,,,,,,,,,,,,,,,,,2.0,M_17472065-4ad8-11ea-9084-0242bdc61da9
236,1581221098717.0,1714.0,67363.0,,,,,,1.0,1.0,,,,,,,,,,,,,,,,,,,,,,,,,,,,,5.0,M_17472065-4ad8-11ea-9084-0242bdc61da9
239,1581221128238.0,1714.0,67369.0,,,,,,1.0,,1.0,,,,,,,,,,,,,,,,,,,,,,,,,,,,10.0,M_17472065-4ad8-11ea-9084-0242bdc61da9
251,1581222288804.0,1714.0,67363.0,,,,,,1.0,1.0,,,,,,,,,,,,,,,,,,,,,,,,,,,,,5.0,M_17472065-4ad8-11ea-9084-0242bdc61da9
254,1581222305718.0,1714.0,67363.0,,,,,,1.0,,1.0,,,,,,,,,,,,,,,,,,,,,,,,,,,,5.0,M_17472065-4ad8-11ea-9084-0242bdc61da9
259,1581222329458.0,1714.0,67365.0,,,,,,1.0,1.0,,,,,,,,,,,,,,,,,,,,,,,,,,,,,6.0,M_17472065-4ad8-11ea-9084-0242bdc61da9
262,1581222342116.0,1713.0,67339.0,,,,,,1.0,1.0,,,,,,,,,,,,,,,,,,,,,,,,,,,,,1.0,M_17472065-4ad8-11ea-9084-0242bdc61da9
270,1581222446933.0,1713.0,79832.0,,,,,,1.0,1.0,,,,,,,,,,,,,,,,,,,,,,,,,,,,,1.0,M_17472065-4ad8-11ea-9084-0242bdc61da9
273,1581222462228.0,1714.0,67367.0,,,,,,1.0,1.0,,,,,,,,,,,,,,,,,,,,,,,,,,,,,9.0,M_17472065-4ad8-11ea-9084-0242bdc61da9
278,1581222508858.0,1714.0,67363.0,,,,,,1.0,1.0,,,,,,,,,,,,,,,,,,,,,,,,,,,,,4.0,M_17472065-4ad8-11ea-9084-0242bdc61da9
289,1581222653034.0,1714.0,67368.0,,,,,,1.0,,1.0,,,,,,,,,,,,,,,,,,,,,,,,,,,,11.0,M_17472065-4ad8-11ea-9084-0242bdc61da9
292,1581222659261.0,1713.0,67351.0,,,,,,1.0,1.0,,,,,,,,,,,,,,,,,,,,,,,,,,,,,14.0,M_17472065-4ad8-11ea-9084-0242bdc61da9
296,1581222668300.0,1714.0,67363.0,,,,,,1.0,1.0,,,,,,,,,,,,,,,,,,,,,,,,,,,,,12.0,M_17472065-4ad8-11ea-9084-0242bdc61da9
302,1581222699984.0,1714.0,67365.0,,,,,,1.0,1.0,,,,,,,,,,,,,,,,,,,,,,,,,,,,,9.0,M_17472065-4ad8-11ea-9084-0242bdc61da9
310,1581222946912.0,1714.0,67369.0,,,,,,1.0,1.0,,,,,,,,,,,,,,,,,,,,,,,,,,,,,3.0,M_17472065-4ad8-11ea-9084-0242bdc61da9
320,1581223295441.0,1714.0,67369.0,,,,,,1.0,,1.0,,,,,,,,,,,,,,,,,,,,,,,,,,,,14.0,M_17472065-4ad8-11ea-9084-0242bdc61da9
330,1581223377526.0,1713.0,67347.0,,,,,,1.0,1.0,,,,,,,,,,,,,,,,,,,,,,,,,,,,,9.0,M_17472065-4ad8-11ea-9084-0242bdc61da9
333,1581223386376.0,1714.0,75481.0,,,,,,1.0,1.0,,,,,,,,,,,,,,,,,,,,,,,,,,,,,7.0,M_17472065-4ad8-11ea-9084-0242bdc61da9
336,1581223395142.0,1714.0,67363.0,,,,,,1.0,,1.0,,,,,,,,,,,,,,,,,,,,,,,,,,,,10.0,M_17472065-4ad8-11ea-9084-0242bdc61da9
339,1581223405375.0,1713.0,67351.0,,,,,,1.0,1.0,,,,,,,,,,,,,,,,,,,,,,,,,,,,,4.0,M_17472065-4ad8-11ea-9084-0242bdc61da9
344,1581223462100.0,1714.0,67368.0,,,,,,1.0,1.0,,,,,,,,,,,,,,,,,,,,,,,,,,,,,5.0,M_17472065-4ad8-11ea-9084-0242bdc61da9
351,1581223520742.0,1714.0,67368.0,,,,,,1.0,,1.0,,,,,,,,,,,,,,,,,,,,,,,,,,,,13.0,M_17472065-4ad8-11ea-9084-0242bdc61da9
363,1581223767667.0,1713.0,67346.0,,,,,,1.0,,1.0,,,,,,,,,,,,,,,,,,,,,,,,,,,,8.0,M_17472065-4ad8-11ea-9084-0242bdc61da9
368,1581223825659.0,1714.0,75482.0,,,,,,1.0,1.0,,,,,,,,,,,,,,,,,,,,,,,,,,,,,1.0,M_17472065-4ad8-11ea-9084-0242bdc61da9
371,1581223849866.0,1713.0,79832.0,,,,,,1.0,1.0,,,,,,,,,,,,,,,,,,,,,,,,,,,,,11.0,M_17472065-4ad8-11ea-9084-0242bdc61da9
374,1581223867084.0,1714.0,67367.0,,,,,,1.0,1.0,,,,,,,,,,,,,,,,,,,,,,,,,,,,,10.0,M_17472065-4ad8-11ea-9084-0242bdc61da9
384,1581223974991.0,1713.0,67339.0,,,,,,1.0,1.0,,,,,,,,,,,,,,,,,,,,,,,,,,,,,13.0,M_17472065-4ad8-11ea-9084-0242bdc61da9
390,1581224017632.0,1713.0,67344.0,,,,,,1.0,1.0,,,,,,,,,,,,,,,,,,,,,,,,,,,,,5.0,M_17472065-4ad8-11ea-9084-0242bdc61da9
397,1581224060776.0,1714.0,75481.0,,,,,,1.0,1.0,,,,,,,,,,,,,,,,,,,,,,,,,,,,,5.0,M_17472065-4ad8-11ea-9084-0242bdc61da9
404,1581224307642.0,1714.0,67368.0,,,,,,1.0,1.0,,,,,,,,,,,,,,,,,,,,,,,,,,,,,3.0,M_17472065-4ad8-11ea-9084-0242bdc61da9
433,1581224805300.0,1713.0,67339.0,,,,,,1.0,,1.0,,,,,,,,,,,,,,,,,,,,,,,,,,,,12.0,M_17472065-4ad8-11ea-9084-0242bdc61da9
449,1581225186868.0,1714.0,67361.0,,,,,,1.0,1.0,,,,,,,,,,,,,,,,,,,,,,,,,,,,,6.0,M_17472065-4ad8-11ea-9084-0242bdc61da9
452,1581225205708.0,1713.0,67351.0,,,,,,1.0,1.0,,,,,,,,,,,,,,,,,,,,,,,,,,,,,13.0,M_17472065-4ad8-11ea-9084-0242bdc61da9
457,1581225231160.0,1713.0,79832.0,,,,,,1.0,1.0,,,,,,,,,,,,,,,,,,,,,,,,,,,,,3.0,M_17472065-4ad8-11ea-9084-0242bdc61da9
461,1581225236617.0,1714.0,67363.0,,,,,,1.0,1.0,,,,,,,,,,,,,,,,,,,,,,,,,,,,,1.0,M_17472065-4ad8-11ea-9084-0242bdc61da9
464,1581225381743.0,1714.0,67363.0,,,,,,1.0,,1.0,,,,,,,,,,,,,,,,,,,,,,,,,,,,14.0,M_17472065-4ad8-11ea-9084-0242bdc61da9
471,1581225451518.0,1713.0,67347.0,,,,,,1.0,,1.0,,,,,,,,,,,,,,,,,,,,,,,,,,,,3.0,M_17472065-4ad8-11ea-9084-0242bdc61da9
475,1581225452643.0,1713.0,79832.0,,,,,,1.0,,1.0,,,,,,,,,,,,,,,,,,,,,,,,,,,,3.0,M_17472065-4ad8-11ea-9084-0242bdc61da9
489,1581225791709.0,1713.0,67339.0,,,,,,1.0,,1.0,,,,,,,,,,,,,,,,,,,,,,,,,,,,2.0,M_17472065-4ad8-11ea-9084-0242bdc61da9
492,1581225792749.0,1714.0,67363.0,,,,,,1.0,1.0,,,,,,,,,,,,,,,,,,,,,,,,,,,,,2.0,M_17472065-4ad8-11ea-9084-0242bdc61da9
94,1581564117366.0,1730.0,67927.0,,,,,,1.0,1.0,,,,,,,,,,,,,,,,,,,,,,,,,,,,,12.0,M_8279c1d6-4e02-11ea-ab59-024282923f19
99,1581564325257.0,1730.0,78848.0,,,,,,1.0,1.0,,,,,,,,,,,,,,,,,,,,,,,,,,,,,13.0,M_8279c1d6-4e02-11ea-ab59-024282923f19
103,1581564341577.0,1737.0,77725.0,,,,,,1.0,1.0,,,,,,,,,,,,,,,,,,,,,,,,,,,,,13.0,M_8279c1d6-4e02-11ea-ab59-024282923f19
106,1581564355069.0,1730.0,78852.0,,,,,,1.0,1.0,,,,,,,,,,,,,,,,,,,,,,,,,,,,,15.0,M_8279c1d6-4e02-11ea-ab59-024282923f19
109,1581564363765.0,1737.0,68012.0,,,,,,1.0,1.0,,,,,,,,,,,,,,,,,,,,,,,,,,,,,3.0,M_8279c1d6-4e02-11ea-ab59-024282923f19
112,1581564373540.0,1730.0,78848.0,,,,,,1.0,1.0,,,,,,,,,,,,,,,,,,,,,,,,,,,,,14.0,M_8279c1d6-4e02-11ea-ab59-024282923f19
115,1581564391874.0,1737.0,77728.0,,,,,,1.0,1.0,,,,,,,,,,,,,,,,,,,,,,,,,,,,,3.0,M_8279c1d6-4e02-11ea-ab59-024282923f19
118,1581564404448.0,1730.0,78852.0,,,,,,1.0,1.0,,,,,,,,,,,,,,,,,,,,,,,,,,,,,11.0,M_8279c1d6-4e02-11ea-ab59-024282923f19
124,1581564442554.0,1730.0,78848.0,,,,,,1.0,1.0,,,,,,,,,,,,,,,,,,,,,,,,,,,,,14.0,M_8279c1d6-4e02-11ea-ab59-024282923f19
139,1581564704448.0,1730.0,78846.0,,,,,,1.0,1.0,,,,,,,,,,,,,,,,,,,,,,,,,,,,,13.0,M_8279c1d6-4e02-11ea-ab59-024282923f19
144,1581564749448.0,1737.0,77727.0,,,,,,1.0,1.0,,,,,,,,,,,,,,,,,,,,,,,,,,,,,8.0,M_8279c1d6-4e02-11ea-ab59-024282923f19
147,1581564777657.0,1737.0,77725.0,,,,,,1.0,,1.0,,,,,,,,,,,,,,,,,,,,,,,,,,,,14.0,M_8279c1d6-4e02-11ea-ab59-024282923f19
157,1581564800773.0,1730.0,67927.0,,,,,,1.0,1.0,,,,,,,,,,,,,,,,,,,,,,,,,,,,,12.0,M_8279c1d6-4e02-11ea-ab59-024282923f19
167,1581564906707.0,1730.0,78846.0,,,,,,1.0,,1.0,,,,,,,,,,,,,,,,,,,,,,,,,,,,8.0,M_8279c1d6-4e02-11ea-ab59-024282923f19
173,1581564943632.0,1730.0,78846.0,,,,,,1.0,,1.0,,,,,,,,,,,,,,,,,,,,,,,,,,,,8.0,M_8279c1d6-4e02-11ea-ab59-024282923f19
180,1581564976152.0,1730.0,67921.0,,,,,,1.0,,1.0,,,,,,,,,,,,,,,,,,,,,,,,,,,,13.0,M_8279c1d6-4e02-11ea-ab59-024282923f19
191,1581565047581.0,1730.0,67906.0,,,,,,1.0,1.0,,,,,,,,,,,,,,,,,,,,,,,,,,,,,11.0,M_8279c1d6-4e02-11ea-ab59-024282923f19
194,1581565054772.0,1730.0,67921.0,,,,,,1.0,,1.0,,,,,,,,,,,,,,,,,,,,,,,,,,,,3.0,M_8279c1d6-4e02-11ea-ab59-024282923f19
203,1581565273356.0,1737.0,68002.0,,,,,,1.0,1.0,,,,,,,,,,,,,,,,,,,,,,,,,,,,,8.0,M_8279c1d6-4e02-11ea-ab59-024282923f19
206,1581565280147.0,1737.0,68012.0,,,,,,1.0,,1.0,,,,,,,,,,,,,,,,,,,,,,,,,,,,15.0,M_8279c1d6-4e02-11ea-ab59-024282923f19
217,1581565401922.0,1737.0,77727.0,,,,,,1.0,1.0,,,,,,,,,,,,,,,,,,,,,,,,,,,,,13.0,M_8279c1d6-4e02-11ea-ab59-024282923f19
220,1581565408197.0,1730.0,78852.0,,,,,,1.0,1.0,,,,,,,,,,,,,,,,,,,,,,,,,,,,,13.0,M_8279c1d6-4e02-11ea-ab59-024282923f19
238,1581565537988.0,1737.0,68012.0,,,,,,1.0,,1.0,,,,,,,,,,,,,,,,,,,,,,,,,,,,12.0,M_8279c1d6-4e02-11ea-ab59-024282923f19
243,1581565556002.0,1737.0,77728.0,,,,,,1.0,1.0,,,,,,,,,,,,,,,,,,,,,,,,,,,,,13.0,M_8279c1d6-4e02-11ea-ab59-024282923f19
251,1581566537449.0,1730.0,78848.0,,,,,,1.0,1.0,,,,,,,,,,,,,,,,,,,,,,,,,,,,,3.0,M_8279c1d6-4e02-11ea-ab59-024282923f19
254,1581566551357.0,1730.0,78848.0,,,,,,1.0,,1.0,,,,,,,,,,,,,,,,,,,,,,,,,,,,11.0,M_8279c1d6-4e02-11ea-ab59-024282923f19
273,1581566740940.0,1737.0,77727.0,,,,,,1.0,1.0,,,,,,,,,,,,,,,,,,,,,,,,,,,,,12.0,M_8279c1d6-4e02-11ea-ab59-024282923f19
276,1581566759691.0,1730.0,67921.0,,,,,,1.0,1.0,,,,,,,,,,,,,,,,,,,,,,,,,,,,,3.0,M_8279c1d6-4e02-11ea-ab59-024282923f19
282,1581566783433.0,1730.0,67921.0,,,,,,1.0,1.0,,,,,,,,,,,,,,,,,,,,,,,,,,,,,3.0,M_8279c1d6-4e02-11ea-ab59-024282923f19
285,1581566800624.0,1730.0,78845.0,,,,,,1.0,,1.0,,,,,,,,,,,,,,,,,,,,,,,,,,,,15.0,M_8279c1d6-4e02-11ea-ab59-024282923f19
291,1581566811275.0,1737.0,68012.0,,,,,,1.0,,1.0,,,,,,,,,,,,,,,,,,,,,,,,,,,,8.0,M_8279c1d6-4e02-11ea-ab59-024282923f19
294,1581566819633.0,1730.0,67921.0,,,,,,1.0,1.0,,,,,,,,,,,,,,,,,,,,,,,,,,,,,3.0,M_8279c1d6-4e02-11ea-ab59-024282923f19
302,1581567069146.0,1730.0,78848.0,,,,,,1.0,1.0,,,,,,,,,,,,,,,,,,,,,,,,,,,,,3.0,M_8279c1d6-4e02-11ea-ab59-024282923f19
311,1581567152244.0,1730.0,78848.0,,,,,,1.0,,1.0,,,,,,,,,,,,,,,,,,,,,,,,,,,,15.0,M_8279c1d6-4e02-11ea-ab59-024282923f19
317,1581567161406.0,1730.0,78848.0,,,,,,1.0,,1.0,,,,,,,,,,,,,,,,,,,,,,,,,,,,14.0,M_8279c1d6-4e02-11ea-ab59-024282923f19
324,1581567210615.0,1737.0,68018.0,,,,,,1.0,,1.0,,,,,,,,,,,,,,,,,,,,,,,,,,,,13.0,M_8279c1d6-4e02-11ea-ab59-024282923f19
329,1581567241483.0,1730.0,67927.0,,,,,,1.0,1.0,,,,,,,,,,,,,,,,,,,,,,,,,,,,,3.0,M_8279c1d6-4e02-11ea-ab59-024282923f19
338,1581567283966.0,1737.0,77727.0,,,,,,1.0,1.0,,,,,,,,,,,,,,,,,,,,,,,,,,,,,13.0,M_8279c1d6-4e02-11ea-ab59-024282923f19
348,1581567344724.0,1737.0,68018.0,,,,,,1.0,,1.0,,,,,,,,,,,,,,,,,,,,,,,,,,,,13.0,M_8279c1d6-4e02-11ea-ab59-024282923f19
352,1581567395875.0,1730.0,78848.0,,,,,,1.0,1.0,,,,,,,,,,,,,,,,,,,,,,,,,,,,,3.0,M_8279c1d6-4e02-11ea-ab59-024282923f19
355,1581567404808.0,1737.0,68011.0,,,,,,1.0,1.0,,,,,,,,,,,,,,,,,,,,,,,,,,,,,11.0,M_8279c1d6-4e02-11ea-ab59-024282923f19
359,1581567414582.0,1730.0,78848.0,,,,,,1.0,1.0,,,,,,,,,,,,,,,,,,,,,,,,,,,,,3.0,M_8279c1d6-4e02-11ea-ab59-024282923f19
367,1581567605024.0,1730.0,78846.0,,,,,,1.0,1.0,,,,,,,,,,,,,,,,,,,,,,,,,,,,,8.0,M_8279c1d6-4e02-11ea-ab59-024282923f19
373,1581567669099.0,1737.0,77727.0,,,,,,1.0,1.0,,,,,,,,,,,,,,,,,,,,,,,,,,,,,12.0,M_8279c1d6-4e02-11ea-ab59-024282923f19
379,1581567712640.0,1730.0,78846.0,,,,,,1.0,,1.0,,,,,,,,,,,,,,,,,,,,,,,,,,,,11.0,M_8279c1d6-4e02-11ea-ab59-024282923f19
395,1581567998491.0,1730.0,67921.0,,,,,,1.0,1.0,,,,,,,,,,,,,,,,,,,,,,,,,,,,,8.0,M_8279c1d6-4e02-11ea-ab59-024282923f19
398,1581568011365.0,1730.0,67921.0,,,,,,1.0,,1.0,,,,,,,,,,,,,,,,,,,,,,,,,,,,15.0,M_8279c1d6-4e02-11ea-ab59-024282923f19
410,1581568167322.0,1730.0,67921.0,,,,,,1.0,,1.0,,,,,,,,,,,,,,,,,,,,,,,,,,,,12.0,M_8279c1d6-4e02-11ea-ab59-024282923f19
422,1581568235591.0,1730.0,78846.0,,,,,,1.0,,1.0,,,,,,,,,,,,,,,,,,,,,,,,,,,,13.0,M_8279c1d6-4e02-11ea-ab59-024282923f19
425,1581568240057.0,1737.0,77726.0,,,,,,1.0,1.0,,,,,,,,,,,,,,,,,,,,,,,,,,,,,11.0,M_8279c1d6-4e02-11ea-ab59-024282923f19
443,1581568538040.0,1730.0,67906.0,,,,,,1.0,,1.0,,,,,,,,,,,,,,,,,,,,,,,,,,,,12.0,M_8279c1d6-4e02-11ea-ab59-024282923f19
464,1581568757814.0,1730.0,67927.0,,,,,,1.0,1.0,,,,,,,,,,,,,,,,,,,,,,,,,,,,,8.0,M_8279c1d6-4e02-11ea-ab59-024282923f19
474,1581568870725.0,1737.0,68012.0,,,,,,1.0,1.0,,,,,,,,,,,,,,,,,,,,,,,,,,,,,12.0,M_8279c1d6-4e02-11ea-ab59-024282923f19
479,1581568901632.0,1737.0,68011.0,,,,,,1.0,1.0,,,,,,,,,,,,,,,,,,,,,,,,,,,,,15.0,M_8279c1d6-4e02-11ea-ab59-024282923f19
487,1581569082949.0,1737.0,77727.0,,,,,,1.0,1.0,,,,,,,,,,,,,,,,,,,,,,,,,,,,,15.0,M_8279c1d6-4e02-11ea-ab59-024282923f19
493,1581569104715.0,1730.0,78846.0,,,,,,1.0,,1.0,,,,,,,,,,,,,,,,,,,,,,,,,,,,12.0,M_8279c1d6-4e02-11ea-ab59-024282923f19
498,1581569109033.0,1737.0,77726.0,,,,,,1.0,1.0,,,,,,,,,,,,,,,,,,,,,,,,,,,,,12.0,M_8279c1d6-4e02-11ea-ab59-024282923f19
499,1581569119485.0,1730.0,67927.0,,,,,,1.0,1.0,,,,,,,,,,,,,,,,,,,,,,,,,,,,,13.0,M_8279c1d6-4e02-11ea-ab59-024282923f19
502,1581569132514.0,1737.0,68012.0,,,,,,1.0,,1.0,,,,,,,,,,,,,,,,,,,,,,,,,,,,8.0,M_8279c1d6-4e02-11ea-ab59-024282923f19
508,1581569205186.0,1737.0,68011.0,,,,,,1.0,1.0,,,,,,,,,,,,,,,,,,,,,,,,,,,,,14.0,M_8279c1d6-4e02-11ea-ab59-024282923f19
513,1581569258182.0,1737.0,68011.0,,,,,,1.0,1.0,,,,,,,,,,,,,,,,,,,,,,,,,,,,,14.0,M_8279c1d6-4e02-11ea-ab59-024282923f19
516,1581569272607.0,1730.0,67906.0,,,,,,1.0,1.0,,,,,,,,,,,,,,,,,,,,,,,,,,,,,8.0,M_8279c1d6-4e02-11ea-ab59-024282923f19
525,1581569321271.0,1730.0,78846.0,,,,,,1.0,,1.0,,,,,,,,,,,,,,,,,,,,,,,,,,,,12.0,M_8279c1d6-4e02-11ea-ab59-024282923f19
534,1581569404323.0,1737.0,68012.0,,,,,,1.0,1.0,,,,,,,,,,,,,,,,,,,,,,,,,,,,,14.0,M_8279c1d6-4e02-11ea-ab59-024282923f19
539,1581569911414.0,1730.0,67906.0,,,,,,1.0,1.0,,,,,,,,,,,,,,,,,,,,,,,,,,,,,3.0,M_8279c1d6-4e02-11ea-ab59-024282923f19
546,1581569944364.0,1730.0,67927.0,,,,,,1.0,1.0,,,,,,,,,,,,,,,,,,,,,,,,,,,,,3.0,M_8279c1d6-4e02-11ea-ab59-024282923f19
551,1581570002264.0,1737.0,68012.0,,,,,,1.0,1.0,,,,,,,,,,,,,,,,,,,,,,,,,,,,,11.0,M_8279c1d6-4e02-11ea-ab59-024282923f19
560,1581570097356.0,1737.0,68012.0,,,,,,1.0,,1.0,,,,,,,,,,,,,,,,,,,,,,,,,,,,8.0,M_8279c1d6-4e02-11ea-ab59-024282923f19
568,1581570164874.0,1737.0,68001.0,,,,,,1.0,1.0,,,,,,,,,,,,,,,,,,,,,,,,,,,,,14.0,M_8279c1d6-4e02-11ea-ab59-024282923f19
573,1581570208832.0,1737.0,68001.0,,,,,,1.0,1.0,,,,,,,,,,,,,,,,,,,,,,,,,,,,,13.0,M_8279c1d6-4e02-11ea-ab59-024282923f19
579,1581570274683.0,1737.0,68012.0,,,,,,1.0,1.0,,,,,,,,,,,,,,,,,,,,,,,,,,,,,14.0,M_8279c1d6-4e02-11ea-ab59-024282923f19
586,1581570328964.0,1730.0,78845.0,,,,,,1.0,,1.0,,,,,,,,,,,,,,,,,,,,,,,,,,,,11.0,M_8279c1d6-4e02-11ea-ab59-024282923f19
609,1581570630357.0,1730.0,78846.0,,,,,,1.0,1.0,,,,,,,,,,,,,,,,,,,,,,,,,,,,,8.0,M_8279c1d6-4e02-11ea-ab59-024282923f19
